dataset,scenario,method,accuracy_mean,accuracy_std,balanced_accuracy_mean,balanced_accuracy_std,precision_mean,precision_std,recall_mean,recall_std,f1_mean,f1_std,g_mean_mean,g_mean_std,mcc_mean,mcc_std,roc_auc_mean,roc_auc_std,pr_auc_mean,pr_auc_std,tn_mean,tn_std,fp_mean,fp_std,fn_mean,fn_std,tp_mean,tp_std,n_ok,n_error,n_skipped,n_other_status,n_total
AID362 PubChem Bioassay,real_repeated_split,ADASYN + RF,0.9862409138110073,0.0011896613953675992,0.564024925399333,0.016380729951343535,0.5499999999999999,0.18027756377319942,0.12962962962962962,0.03207501495497921,0.20948616600790512,0.05491084580810198,0.35803170342589424,0.04334922851555258,0.2620987309801858,0.07716621977556525,0.8333187057515653,0.004561607328778256,0.29107832486482493,0.06150891754388357,1264.0,1.0,2.0,1.0,15.666666666666666,0.5773502691896258,2.3333333333333335,0.5773502691896258,3,0,0,0,3
AID362 PubChem Bioassay,real_repeated_split,Balanced Bagging,0.8200934579439253,0.005616123482031071,0.7901088292083553,0.04166606006822044,0.05684533526207114,0.005747580754147304,0.7592592592592592,0.08486251286955264,0.10576618314337921,0.010729800191232819,0.7886334048545142,0.04381954294732924,0.17484815064850956,0.02429337104330943,0.8491018664794336,0.01835391997154229,0.17305841030200572,0.0584435992743012,1039.3333333333333,7.505553499465134,226.66666666666666,7.505553499465135,4.333333333333333,1.5275252316519468,13.666666666666666,1.5275252316519465,3,0,0,0,3
AID362 PubChem Bioassay,real_repeated_split,Balanced Random Forest,0.8678608515057112,0.019145788232079245,0.8052044935931192,0.0452296158356129,0.07578318748586564,0.01355621514538161,0.7407407407407408,0.08486251286955263,0.13735170209891687,0.023273917733551436,0.8017907183185112,0.04798642360781774,0.20876572066221485,0.03529877697347907,0.8600432976420338,0.02501679579306923,0.18153988682570618,0.02236161053800873,1101.0,24.24871130596428,165.0,24.24871130596428,4.666666666666667,1.5275252316519465,13.333333333333334,1.5275252316519468,3,0,0,0,3
AID362 PubChem Bioassay,real_repeated_split,Baseline RF,0.9862409138110073,0.0004496497423595056,0.5183868702826049,0.0159247211725213,0.5,0.5,0.037037037037037035,0.032075014954979206,0.06842105263157895,0.05931277720834023,0.15710380434694904,0.13605589356024464,0.13246800926259525,0.12006815663048426,0.8479828564741677,0.009998150095819256,0.28190110647129796,0.027444903106195562,1265.6666666666667,0.5773502691896586,0.3333333333333333,0.5773502691896258,17.333333333333332,0.5773502691896255,0.6666666666666666,0.5773502691896258,3,0,0,0,3
AID362 PubChem Bioassay,real_repeated_split,Borderline-SMOTE + RF,0.9865005192107996,0.0008992994847190112,0.5641565736352466,0.016265528910818856,0.5833333333333334,0.14433756729740643,0.12962962962962962,0.032075014954979206,0.21212121212121213,0.05248638810814778,0.3580756295644803,0.043311137289050734,0.2707006399124469,0.06863036529516403,0.8286744485401675,0.031772185962269384,0.2881225484546048,0.12007625794122162,1264.3333333333333,0.5773502691896586,1.6666666666666667,0.5773502691896258,15.666666666666666,0.5773502691896255,2.3333333333333335,0.5773502691896257,3,0,0,0,3
AID362 PubChem Bioassay,real_repeated_split,Class weight LogisticRegression,0.9029075804776739,0.019303542518194487,0.6769352290679306,0.05187825870766451,0.06704930912402664,0.019629406431992527,0.4444444444444445,0.09622504486493762,0.11626284867048929,0.03271429770672377,0.6335220452031997,0.06949253326007443,0.14352720101958413,0.046483758555544104,0.7486250073137909,0.09170823254985322,0.10471215201368411,0.019237028843323435,1151.3333333333333,24.19366308216543,114.66666666666667,24.193663082165408,10.0,1.7320508075688772,8.0,1.7320508075688772,3,0,0,0,3
AID362 PubChem Bioassay,real_repeated_split,Custom weighted log-loss LR,0.971183800623053,0.0,0.60202738283307,0.05476566614007372,0.14288435232801758,0.05349053280658673,0.2222222222222222,0.1111111111111111,0.17341223752373577,0.07376544000036497,0.4564270839918589,0.12088614063705015,0.1637268582045381,0.07825964788111554,0.7546223158387454,0.11077195225430278,0.16223488249523818,0.04989129899407832,1243.0,2.0,23.0,2.0,14.0,2.0,4.0,2.0,3,0,0,0,3
AID362 PubChem Bioassay,real_repeated_split,EasyEnsemble,0.7165109034267912,0.04082661190679492,0.7558364051255047,0.01318674670994969,0.03852569935372483,0.00284403693357203,0.7962962962962963,0.06415002990995843,0.07344527182056186,0.0049105918254739,0.7535387729071735,0.01194863225774674,0.1328317604957453,0.004336507137176235,0.8274164765081037,0.013640941554824123,0.10951934204874914,0.0244404882786045,905.6666666666666,53.528808443055546,360.3333333333333,53.528808443055524,3.6666666666666665,1.1547005383792517,14.333333333333334,1.1547005383792517,3,0,0,0,3
AID362 PubChem Bioassay,real_repeated_split,RF (balanced_subsample),0.9862409138110073,0.0011896613953675448,0.5275144813059506,0.027975482451099945,0.5,0.5,0.05555555555555555,0.05555555555555555,0.10000000000000002,0.1,0.18964749532622152,0.17135382468861685,0.16372876783169085,0.16728830482655202,0.846403077643204,0.011212499422431419,0.26051577454065306,0.15566148535532956,1265.3333333333333,0.5773502691896586,0.6666666666666666,0.5773502691896258,17.0,1.0,1.0,1.0,3,0,0,0,3
AID362 PubChem Bioassay,real_repeated_split,RUSBoost,0.7694704049844237,,0.5818852027382833,,0.023972602739726026,,0.3888888888888889,,0.04516129032258064,,0.5489470029122293,,0.04593474056670711,,0.5674697209057399,,0.019432925778720536,,981.0,,285.0,,11.0,,7.0,,1,2,0,0,3
AID362 PubChem Bioassay,real_repeated_split,Random Oversampling + RF,0.9854620976116304,0.0023793227907350895,0.591012813761629,0.04295069512714334,0.4583333333333333,0.19094065395649334,0.1851851851851852,0.0848625128695526,0.26282051282051283,0.11591757256426362,0.42224274892285746,0.09774701957297274,0.2845509977430362,0.12628466751083653,0.8612793283014452,0.02890046388146062,0.3123050966040308,0.061463579690921866,1262.0,1.7320508075688772,4.0,1.7320508075688772,14.666666666666666,1.5275252316519465,3.3333333333333335,1.5275252316519465,3,0,0,0,3
AID362 PubChem Bioassay,real_repeated_split,Random Undersampling + RF,0.6653686396677051,0.035110130720803254,0.7572845357205548,0.0660523076493211,0.03500518777750034,0.0066723878488561305,0.8518518518518517,0.11564811108145182,0.0672282682403928,0.012604610068555639,0.7503217895301298,0.061297174475516775,0.12790064536086806,0.03438490248253758,0.8085249546544966,0.045173893900284506,0.11212648953679683,0.050273496529708264,839.0,44.30575583375144,427.0,44.30575583375144,2.6666666666666665,2.0816659994661326,15.333333333333334,2.081665999466133,3,0,0,0,3
AID362 PubChem Bioassay,real_repeated_split,SMOTE + RF,0.9865005192107996,0.001189661395367572,0.5915394067052835,0.03218963138994123,0.546031746031746,0.13513521684947785,0.1851851851851852,0.06415002990995841,0.2757487922705314,0.08844396103469285,0.424938607966243,0.079674784457732,0.31222111583497497,0.09377586082694502,0.84961383184132,0.03450955245410033,0.26180554639264014,0.09298502184110886,1263.3333333333333,0.5773502691896586,2.6666666666666665,0.5773502691896257,14.666666666666666,1.1547005383792515,3.3333333333333335,1.1547005383792515,3,0,0,0,3
AID362 PubChem Bioassay,real_repeated_split,SMOTE-ENN + RF,0.9846832814122534,0.001959977786934259,0.5723626470071967,0.032533455154915666,0.3849206349206349,0.16680832981733096,0.14814814814814814,0.06415002990995841,0.2135042735042735,0.09245050680572105,0.37873149431221265,0.07977331083393173,0.23201852753440577,0.10395534226242895,0.8110555263003921,0.01981156915269005,0.20591896307115345,0.05212714337512684,1261.6666666666667,1.5275252316519219,4.333333333333333,1.5275252316519465,15.333333333333334,1.1547005383792517,2.6666666666666665,1.1547005383792517,3,0,0,0,3
AID362 PubChem Bioassay,real_repeated_split,SMOTE-Tomek + RF,0.9870197300103842,0.001959977786934292,0.6009303142004564,0.04277703427385232,0.6015873015873016,0.21823520842896726,0.20370370370370372,0.0848625128695526,0.3035265700483092,0.12221235949589787,0.443540629720681,0.09979212726976953,0.34459908547613666,0.13622789961352708,0.8432288923995085,0.012423681060951763,0.29296367789741884,0.07345892591547382,1263.6666666666667,1.1547005383792186,2.3333333333333335,1.1547005383792517,14.333333333333334,1.5275252316519468,3.6666666666666665,1.5275252316519468,3,0,0,0,3
Abalone19,real_repeated_split,ADASYN + RF,0.9851024208566108,0.001661345570204446,0.5130463931348888,0.027823157464582245,0.025641025641025644,0.04441155916843275,0.03333333333333333,0.05773502691896258,0.028985507246376812,0.050204371233880496,0.10489920756233852,0.18169075717168373,0.02180720895190216,0.04982057702723312,0.7894609814963798,0.019229694552224636,0.041031415619623667,0.022175859901279172,1234.0,2.6457513110645907,9.0,2.6457513110645907,9.666666666666666,0.5773502691896255,0.3333333333333333,0.5773502691896258,3,0,0,0,3
Abalone19,real_repeated_split,Balanced Bagging,0.7459430699654163,0.026914902622914023,0.6735585947975329,0.07853203595301643,0.018614587260717807,0.004623810512789317,0.6,0.17320508075688767,0.03610084239183992,0.008992871965648507,0.6634570883432102,0.09531730511824577,0.07055748368929245,0.03132616883689694,0.7844328238133548,0.024560841060217494,0.03335703602590347,0.0066676228988960685,928.6666666666666,34.78984526170437,314.3333333333333,34.78984526170436,4.0,1.7320508075688772,6.0,1.7320508075688772,3,0,0,0,3
Abalone19,real_repeated_split,Balanced Random Forest,0.7470071827613727,0.014431876552294613,0.6906275140788415,0.07179370814446577,0.019734464318642817,0.003934441418074421,0.6333333333333333,0.1527525231651947,0.03827303330391869,0.007668903089412463,0.6846138780326753,0.07750123119690895,0.07765168186421408,0.028100602530523697,0.7604183427192277,0.06768280069529176,0.026573342030845132,0.0102038319470345,929.6666666666666,19.008769905844353,313.3333333333333,19.00876990584433,3.6666666666666665,1.5275252316519468,6.333333333333333,1.5275252316519465,3,0,0,0,3
Abalone19,real_repeated_split,Baseline RF,0.9920191540303273,0.0,0.5,0.0,0.0,0.0,0.0,0.0,0.0,0.0,0.0,0.0,0.0,0.0,0.6270984178063824,0.09029099437442341,0.01977907094516158,0.009991536488850664,1243.0,0.0,0.0,0.0,10.0,0.0,0.0,0.0,3,0,0,0,3
Abalone19,real_repeated_split,Borderline-SMOTE + RF,0.9888268156424581,0.0021115333687666514,0.514923572003218,0.029343025506266305,0.08333333333333333,0.14433756729740646,0.03333333333333333,0.05773502691896258,0.047619047619047616,0.08247860988423225,0.10528197504860448,0.1823537299053818,0.04760325180522244,0.09208618828033717,0.7410565835344597,0.1100509366741311,0.03566328664062914,0.019770311714387517,1238.6666666666667,2.3094010767584865,4.333333333333333,2.309401076758503,9.666666666666666,0.5773502691896255,0.3333333333333333,0.5773502691896258,3,0,0,0,3
Abalone19,real_repeated_split,Class weight LogisticRegression,0.7863793562117585,0.025267077689598932,0.7435371413247519,0.04005782395325897,0.025778621125869705,0.002235424052477278,0.7000000000000001,0.10000000000000002,0.04970972423802613,0.0042889410321588425,0.740446644093768,0.043637240973640114,0.10517361518436513,0.01464167105241646,0.8256368999731832,0.042363623907029135,0.036356556571641246,0.010813507990971492,978.3333333333334,32.47049943153528,264.6666666666667,32.47049943153529,3.0,1.0,7.0,1.0,3,0,0,0,3
Abalone19,real_repeated_split,Custom weighted log-loss LR,0.9901569566374037,0.0012190943588603156,0.4990614105658353,0.0006144510183636098,0.0,0.0,0.0,0.0,0.0,0.0,0.0,0.0,-0.0037323815281571885,0.0012767768786421984,0.8075087154733173,0.02442602064248134,0.03990566737449159,0.017012383345214353,1240.6666666666667,1.5275252316519219,2.3333333333333335,1.5275252316519468,10.0,0.0,0.0,0.0,3,0,0,0,3
Abalone19,real_repeated_split,EasyEnsemble,0.6698590050545358,0.03790971842368947,0.7344060069723786,0.08492475228151838,0.018945254703602667,0.0032537184528403282,0.7999999999999999,0.20000000000000007,0.03700575886368236,0.006394484818154538,0.7259333831614398,0.07582816257858639,0.08825082323493476,0.03028903860176302,0.7833199249128452,0.07715897559915752,0.03523235148413117,0.012269552292898936,831.3333333333334,49.09514572066504,411.6666666666667,49.095145720665016,2.0,2.0,8.0,2.0,3,0,0,0,3
Abalone19,real_repeated_split,RF (balanced_subsample),0.9920191540303273,0.0,0.5,0.0,0.0,0.0,0.0,0.0,0.0,0.0,0.0,0.0,0.0,0.0,0.6548002145347278,0.013919122372570777,0.018988947832968756,0.0035658320573317163,1243.0,0.0,0.0,0.0,10.0,0.0,0.0,0.0,3,0,0,0,3
Abalone19,real_repeated_split,RUSBoost,0.737829209896249,0.1913082193313963,0.5454746580852775,0.0789308655588362,0.009311258278145695,0.0038024550087647456,0.35,0.35355339059327373,0.01797588600657654,0.007853871446134834,0.4489099223691394,0.21549207595183617,0.015578352892087984,0.03002270961695629,0.5883547868061143,0.018289205965524948,0.009956428880016844,0.0006164691379720641,921.0,243.24473272817235,322.0,243.24473272817235,6.5,3.5355339059327378,3.5,3.5355339059327378,2,1,0,0,3
Abalone19,real_repeated_split,Random Oversampling + RF,0.9917531258313382,0.00046077435689516436,0.49986591579511935,0.00023224065534578305,0.0,0.0,0.0,0.0,0.0,0.0,0.0,0.0,-0.0008449694680403986,0.001463530049490417,0.6075087154733173,0.09705955775429122,0.04485445579016222,0.025675166630405116,1242.6666666666667,0.5773502691896093,0.3333333333333333,0.5773502691896258,10.0,0.0,0.0,0.0,3,0,0,0,3
Abalone19,real_repeated_split,Random Undersampling + RF,0.7124235168927906,0.035533441409611934,0.607066237597211,0.06097852894270247,0.014138264509942058,0.004195512140967313,0.5,0.09999999999999998,0.027491152900008104,0.008072677225964177,0.5958873891558393,0.06918686529437217,0.04266952608725575,0.025729192618588134,0.7088763743631001,0.05318114765514919,0.019717366796634765,0.004042213102250849,887.6666666666666,44.003787715756154,355.3333333333333,44.003787715756175,5.0,1.0,5.0,1.0,3,0,0,0,3
Abalone19,real_repeated_split,SMOTE + RF,0.9869646182495345,0.0018430974275806334,0.4974524001072673,0.0009289626213831442,0.0,0.0,0.0,0.0,0.0,0.0,0.0,0.0,-0.006327915465618461,0.0011268922195431035,0.7378921962992759,0.08770416067678483,0.028825956105133402,0.01256573966306513,1236.6666666666667,2.3094010767584865,6.333333333333333,2.309401076758503,10.0,0.0,0.0,0.0,3,0,0,0,3
Abalone19,real_repeated_split,SMOTE-ENN + RF,0.976855546687949,0.004854559082440761,0.5254223652453741,0.031074450577147007,0.03812636165577342,0.03305880371567215,0.06666666666666667,0.05773502691896258,0.048500881834215165,0.0420238185447755,0.20941459385851222,0.18135836950715287,0.03950206286121443,0.045533764614518545,0.7291499061410566,0.021467681001708584,0.027164819105635767,0.013588660747556592,1223.3333333333333,5.507570547286115,19.666666666666668,5.507570547286102,9.333333333333334,0.5773502691896258,0.6666666666666666,0.5773502691896258,3,0,0,0,3
Abalone19,real_repeated_split,SMOTE-Tomek + RF,0.985634477254589,0.002111533368766651,0.49678197908286403,0.00106426038256822,0.0,0.0,0.0,0.0,0.0,0.0,0.0,0.0,-0.007128550626215687,0.0011640124351205224,0.7620139447573075,0.07137961407013145,0.02830372622661273,0.008391557633019596,1235.0,2.6457513110645907,8.0,2.6457513110645907,10.0,0.0,0.0,0.0,3,0,0,0,3
Credit Card Fraud Detection,real_repeated_split,ADASYN + RF,0.9994967405170699,6.193020636131143e-05,0.918807540760762,0.020526764029319813,0.868651250386382,0.033816318880034966,0.8378378378378378,0.04109974682633933,0.8520945448453775,0.018904105736026883,0.915046325479261,0.02258845722008948,0.8524190693566759,0.01839163849580931,0.9706117718633106,0.00475038130106872,0.8694869583856782,0.013950929037363648,85276.0,6.244997998398398,19.0,6.244997998398398,24.0,6.082762530298219,124.0,6.082762530298219,3,0,0,0,3
Credit Card Fraud Detection,real_repeated_split,Balanced Bagging,0.9751023099220143,0.0013357277068412408,0.9436868414812608,0.011187101448748989,0.060086453436170334,0.0021498572171467964,0.9121621621621622,0.023406091994174025,0.11273407932969454,0.0037190622253692697,0.9431034841356829,0.011650936565999253,0.23055882976172482,0.004071978952753038,0.9815584386778476,0.005736138791247728,0.7148276096871836,0.01799284459786824,83180.66666666667,116.76186592091292,2114.3333333333335,116.76186592091331,13.0,3.4641016151377544,135.0,3.4641016151377544,3,0,0,0,3
Credit Card Fraud Detection,real_repeated_split,Balanced Random Forest,0.9889399950844423,0.000992333729444533,0.9393759680895504,0.01360359342832322,0.12461353418158773,0.007697111362308504,0.8896396396396397,0.028130621614407207,0.21847958285647376,0.011088866253790321,0.9379749104059556,0.014448985451471975,0.3304437527135806,0.006784331556928838,0.9825406551401628,0.0033946046930855268,0.7813975105686618,0.026370443450122977,84366.33333333333,88.48917071220197,928.6666666666666,88.4891707122026,16.333333333333332,4.163331998932265,131.66666666666666,4.163331998932268,3,0,0,0,3
Credit Card Fraud Detection,real_repeated_split,Baseline RF,0.9995279504074842,8.784281333129259e-05,0.8952155581925791,0.03256501170370516,0.9272481577077021,0.02216324659107987,0.7905405405405405,0.06515980243914161,0.8520343071111602,0.034004649356798554,0.8885592901975107,0.0370499037770073,0.8552262194939361,0.030460918968881093,0.9500320826131249,0.011179684420235973,0.8500418432400222,0.02325083130888291,85285.66666666667,3.5118845842861455,9.333333333333334,3.511884584284246,31.0,9.643650760992955,117.0,9.643650760992955,3,0,0,0,3
Credit Card Fraud Detection,real_repeated_split,Borderline-SMOTE + RF,0.9995630615342002,4.729997640915755e-05,0.90984738182112,0.027487829021231296,0.921263721623434,0.03286868949300005,0.8198198198198199,0.05503059334626401,0.8661186653420891,0.019937887248862002,0.9050352408796879,0.03065518154944887,0.8681121117045082,0.017177485247990145,0.9605268730832949,0.005853182767952432,0.8602272757502768,0.02098077002434937,85284.33333333333,5.131601439445348,10.666666666666666,5.131601439446884,26.666666666666668,8.144527815247079,121.33333333333333,8.144527815247079,3,0,0,0,3
Credit Card Fraud Detection,real_repeated_split,Class weight LogisticRegression,0.9767096192783494,0.0021148443307996197,0.9467402348711335,0.009244043723973604,0.06443937489840067,0.004140074911796576,0.9166666666666666,0.020642232860161345,0.1203770424146511,0.007064776235709004,0.946214408404161,0.009589184305789904,0.2395293278811413,0.005234683050150469,0.9860463869696533,0.005924944095994049,0.7654999911281676,0.0467543466872806,83317.33333333333,183.75345801734616,1977.6666666666667,183.75345801734812,12.333333333333334,3.0550504633038935,135.66666666666666,3.055050463303897,3,0,0,0,3
Credit Card Fraud Detection,real_repeated_split,Custom weighted log-loss LR,0.9993523947739038,6.445900246113161e-05,0.9086176935479356,0.017552882897377664,0.8102874902874904,0.014339081468403353,0.8175675675675675,0.035109137991261016,0.8136915400527807,0.021325779557923443,0.9039034812167707,0.019534777265319582,0.8134856173845475,0.021326694220352483,0.9837566389884814,0.006944162948491985,0.7982468245823116,0.047000525774714114,85266.66666666667,2.5166114784255105,28.333333333333332,2.5166114784235836,27.0,5.196152422706632,121.0,5.196152422706632,3,0,0,0,3
Credit Card Fraud Detection,real_repeated_split,EasyEnsemble,0.9663830467875268,0.0015548910626557117,0.9471888501433022,0.009245049165561542,0.04583547858020506,0.0015618941276786126,0.9279279279279279,0.019505076661811675,0.08735073935339173,0.0028183207643737826,0.9469540757158031,0.009488917893763708,0.20215287249036798,0.003683025519363233,0.9855357189066668,0.0028073723566741583,0.7594772886497969,0.03489574296253955,82433.33333333333,134.76028099307592,2861.6666666666665,134.76028099307803,10.666666666666666,2.8867513459481287,137.33333333333334,2.886751345948127,3,0,0,0,3
Credit Card Fraud Detection,real_repeated_split,RF (balanced_subsample),0.9995396541163895,9.090801429203733e-05,0.8918489038308488,0.03256865611816725,0.9412364367983045,0.012319272810268903,0.7837837837837838,0.06515980243914163,0.8540333037531345,0.03554256116301751,0.8847553463014842,0.037216876878371885,0.8580376820898588,0.031517683171656374,0.9456889417701891,0.010467471362598018,0.849382952059239,0.021456838343036685,85287.66666666667,2.0816659994675892,7.333333333333333,2.081665999466133,32.0,9.643650760992955,116.0,9.643650760992955,3,0,0,0,3
Credit Card Fraud Detection,real_repeated_split,RUSBoost,0.9676665535308139,0.0065464686433573255,0.9208515860957388,0.014020497349507666,0.045917917959141887,0.006871941441941888,0.8738738738738738,0.03400826322194032,0.08715623268645052,0.012304635124296632,0.9194948380005078,0.015098984167286639,0.19556968366009567,0.012310650852534511,0.9433556908218378,0.032895684019581796,0.1225914712575941,0.0698430208355654,82551.0,563.9796095604876,2744.0,563.9796095604876,18.666666666666668,5.033222956847167,129.33333333333334,5.033222956847164,3,0,0,0,3
Credit Card Fraud Detection,real_repeated_split,Random Oversampling + RF,0.9995669627705018,5.3633131970508346e-05,0.9019801309604345,0.026364965194848707,0.938536094764677,0.026575991351630114,0.8040540540540541,0.05277195726963962,0.8648848410719315,0.02222365546312544,0.896319837186531,0.02969623385809805,0.8678731248865198,0.018980356234189505,0.9531478588618515,0.008647093522618055,0.8622098438607231,0.01930036100248785,85287.0,4.0,8.0,4.0,29.0,7.810249675906654,119.0,7.810249675906654,3,0,0,0,3
Credit Card Fraud Detection,real_repeated_split,Random Undersampling + RF,0.9688330231850474,0.0023984609147377745,0.9416709311456953,0.013193061995070272,0.04878136385210524,0.004312619299224492,0.9144144144144143,0.025580668224325587,0.09260447308012217,0.007832879064527953,0.9412172718127215,0.013600833743165433,0.20716457034187993,0.011385683212838626,0.9828268637357681,0.004142247825237897,0.7590882511412825,0.06032675387721276,82644.66666666667,203.78011024958698,2650.3333333333335,203.78011024958573,12.666666666666666,3.7859388972001824,135.33333333333334,3.7859388972001797,3,0,0,0,3
Credit Card Fraud Detection,real_repeated_split,SMOTE + RF,0.9994889380444661,6.445900246113161e-05,0.9199278048785641,0.018579011512749717,0.8633355204720649,0.03905020127765947,0.8400900900900901,0.03721331450868987,0.8506297568532363,0.01757258132865624,0.9163046464905724,0.020403206468731352,0.850916890845801,0.01724154868114752,0.9704864120231376,0.004354096151175238,0.8710258100604288,0.017035810266529602,85275.0,7.211102550927978,20.0,7.211102550927978,23.666666666666668,5.507570547286102,124.33333333333333,5.507570547286103,3,0,0,0,3
Credit Card Fraud Detection,real_repeated_split,SMOTE-ENN + RF,0.9995084442259752,6.193020636131143e-05,0.9199375748924373,0.01858716558010076,0.8727848662059188,0.03236551536230167,0.8400900900900901,0.03721331450868987,0.8554120460969776,0.018544666329834893,0.916313712287998,0.02041078182480019,0.8556800333641971,0.018145979032937125,0.960628996133715,0.009097940351451261,0.8523352584242172,0.019007713905229345,85276.66666666667,5.859465277084385,18.333333333333332,5.859465277082316,23.666666666666668,5.507570547286102,124.33333333333333,5.507570547286103,3,0,0,0,3
Credit Card Fraud Detection,real_repeated_split,SMOTE-Tomek + RF,0.9995045429896733,7.792713409500878e-05,0.9199356208896629,0.024875268661231534,0.8717596887239744,0.042220427964568104,0.8400900900900901,0.04980482970156749,0.8543317483324412,0.023404859743694096,0.916191002107559,0.02734449884892334,0.8548820240815483,0.02276786366655604,0.9727296864248034,0.008817890438753383,0.8669363429631639,0.012697095687161876,85276.33333333333,7.637626158257748,18.666666666666668,7.637626158259733,23.666666666666668,7.371114795831994,124.33333333333333,7.3711147958319945,3,0,0,0,3
Mammography,real_repeated_split,ADASYN + RF,0.9861897665176355,0.0004552981316399345,0.828145009637228,0.01996610865838969,0.7232664995822891,0.03410233181105983,0.6623931623931624,0.04121218273928612,0.6901538178133922,0.010347538371072636,0.8111106633366688,0.0249428397352119,0.6844965896928024,0.00865608607912489,0.9430379829372812,0.024490522315965442,0.7366249456899276,0.04366366384247403,3257.0,4.358898943540674,20.0,4.358898943540674,26.333333333333332,3.214550253664318,51.666666666666664,3.214550253664319,3,0,0,0,3
Mammography,real_repeated_split,Balanced Bagging,0.9424739195230999,0.004879494945974671,0.9038037709078295,0.023561321556755502,0.27033623954609703,0.009835653440256812,0.8632478632478633,0.05337605126836242,0.4112622889457051,0.005652302624289435,0.9025446164713299,0.024712097535584843,0.463970294695248,0.0062321416564464875,0.9460615165528196,0.011995664294429338,0.6234197084188349,0.029051905129134355,3094.6666666666665,20.52640575778755,182.33333333333334,20.526405757787536,10.666666666666666,4.163331998932266,67.33333333333333,4.163331998932265,3,0,0,0,3
Mammography,real_repeated_split,Balanced Random Forest,0.9511177347242921,0.003111864831269946,0.9082285496688914,0.02509435992614741,0.3055159984083515,0.011773141143799914,0.8632478632478633,0.05337605126836242,0.45095010642095695,0.013336071087719092,0.9067953293209129,0.026337359060185393,0.4964350569635502,0.017790985459074142,0.9543907420013614,0.009828588359940826,0.6866009451836602,0.04322347029118355,3123.6666666666665,13.4288247189891,153.33333333333334,13.428824718989123,10.666666666666666,4.163331998932266,67.33333333333333,4.163331998932265,3,0,0,0,3
Mammography,real_repeated_split,Baseline RF,0.9878787878787879,0.0003441730367747747,0.7768623063099719,0.0037041070859518714,0.8786111111111111,0.017956995954326677,0.5555555555555556,0.007401926528072099,0.6806382275132276,0.007984159609077439,0.7446623478400843,0.004952687916324082,0.6932952827212908,0.008979917437479213,0.9407336551828465,0.02647448469428851,0.7611519631310948,0.05687723290346095,3271.0,1.0,6.0,1.0,34.666666666666664,0.5773502691896263,43.333333333333336,0.5773502691896263,3,0,0,0,3
Mammography,real_repeated_split,Borderline-SMOTE + RF,0.9859910581222057,0.0005961251862891537,0.8092702570883835,0.009259281993544604,0.7353534796578179,0.033314739860288815,0.6239316239316239,0.019583656816050607,0.6744206671228627,0.0028472524677505564,0.7876918370131195,0.011974953403227,0.6700052404056235,0.00521077474815951,0.943689376097066,0.02323169825790185,0.7293548993504474,0.035648811404036654,3259.3333333333335,3.5118845842843003,17.666666666666668,3.5118845842842457,29.333333333333332,1.5275252316519463,48.666666666666664,1.5275252316519474,3,0,0,0,3
Mammography,real_repeated_split,Class weight LogisticRegression,0.9009438648782911,0.008272691341546403,0.8616855629367072,0.024448857921661526,0.16766002375591335,0.004207348257437064,0.8205128205128206,0.05875097044815177,0.27818782820414945,0.002578353190800856,0.8602168822054299,0.02591484503894778,0.3431405917715389,0.008816369751544859,0.9171948232827086,0.01799519409259455,0.5454468598469574,0.03373026956571623,2958.6666666666665,32.33161507461905,318.3333333333333,32.331615074619044,14.0,4.58257569495584,64.0,4.58257569495584,3,0,0,0,3
Mammography,real_repeated_split,Custom weighted log-loss LR,0.9793343268753105,0.0012046056287116074,0.7933473131825283,0.019587817026050277,0.5511695037288046,0.023890154840078538,0.5982905982905983,0.039167313632101214,0.5735428746513495,0.02814137814242166,0.7687225064959321,0.025056296098485593,0.5635873687382379,0.029135697444309872,0.9090964218367331,0.02031745762909104,0.5878296601163097,0.046226165648154245,3239.0,2.6457513110645907,38.0,2.6457513110645907,31.333333333333332,3.0550504633038935,46.666666666666664,3.0550504633038926,3,0,0,0,3
Mammography,real_repeated_split,EasyEnsemble,0.8964729259811227,0.009436556883775642,0.8760840251532959,0.021782745420534624,0.16612515102697312,0.012007409620205665,0.8547008547008547,0.048537678169233094,0.2779651891197879,0.016780183739374985,0.8755284798541436,0.02218347680564998,0.34920158866403206,0.018390591742600534,0.9424237563541805,0.010286944364849957,0.6472691148892059,0.04921934013558575,2941.0,33.645207682521445,336.0,33.645207682521445,11.333333333333334,3.7859388972001824,66.66666666666667,3.7859388972001837,3,0,0,0,3
Mammography,real_repeated_split,RF (balanced_subsample),0.9871833084947839,0.0005961251862890704,0.759819148741944,0.007491571733192175,0.8778565799842396,0.02332332322608152,0.5213675213675213,0.014803853056144222,0.6541355013550135,0.01632265497985758,0.7213857756150981,0.01026608919004506,0.6710131345295395,0.01686313609899297,0.9247285535811627,0.033527011986039384,0.739196994884633,0.039798659492932216,3271.3333333333335,1.1547005383792186,5.666666666666667,1.1547005383792517,37.333333333333336,1.154700538379251,40.666666666666664,1.154700538379251,3,0,0,0,3
Mammography,real_repeated_split,RUSBoost,0.9062096373571783,0.03771443991069054,0.7809454133836192,0.008551067420252087,0.1613769225808371,0.04331685206069916,0.6495726495726496,0.05181348569650491,0.2552314229373489,0.05411071768222311,0.7688577321466529,0.014966601745633874,0.29020879510489833,0.04039642153826687,0.8390367727413807,0.06101078724647867,0.23845502815452377,0.11719132102409104,2989.6666666666665,130.4236686086284,287.3333333333333,130.42366860862845,27.333333333333332,4.04145188432738,50.666666666666664,4.0414518843273814,3,0,0,0,3
Mammography,real_repeated_split,Random Oversampling + RF,0.9875807252856433,0.0009105962632798387,0.7975686538396335,0.00405619912117036,0.819589291667793,0.037689005965241475,0.5982905982905983,0.007401926528072099,0.6915320201016192,0.01809374693413629,0.7722631856138515,0.005059231779575452,0.6942756212672371,0.020718333052456354,0.9416002232602781,0.02229448157410951,0.7556123807179201,0.05033085970062158,3266.6666666666665,2.516611478423523,10.333333333333334,2.516611478423583,31.333333333333332,0.5773502691896263,46.666666666666664,0.5773502691896247,3,0,0,0,3
Mammography,real_repeated_split,Random Undersampling + RF,0.919324391455539,0.010715063488194166,0.9023829644061564,0.016399072965896974,0.21004758822222655,0.01627278409882368,0.8846153846153846,0.0444115591684328,0.33894157857640383,0.018537239849436588,0.9019126845767117,0.016700998895057325,0.40780814142598754,0.008719936013599942,0.9471002245643687,0.01086674991434901,0.5967638706743811,0.03978189065918039,3015.3333333333335,39.32344508474976,261.6666666666667,39.32344508474981,9.0,3.4641016151377544,69.0,3.4641016151377544,3,0,0,0,3
Mammography,real_repeated_split,SMOTE + RF,0.9868852459016394,0.0002980625931445491,0.8264151337083897,0.019217753801835054,0.7484192266800962,0.016706857487211884,0.6581196581196581,0.0391673136321012,0.6996201242721799,0.016325552839572828,0.8088501368153745,0.02390404671876138,0.6948345572756255,0.014524449765430833,0.9523557089165878,0.02121056801819886,0.7633016499790682,0.0474584345065852,3259.6666666666665,2.516611478423523,17.333333333333332,2.5166114784235836,26.666666666666668,3.0550504633038935,51.333333333333336,3.0550504633038926,3,0,0,0,3
Mammography,real_repeated_split,SMOTE-ENN + RF,0.983805265772479,0.0025697997330109672,0.8415256292888272,0.03583838291681477,0.6410936344693151,0.05048183530007919,0.6923076923076924,0.07138159439525674,0.6648629148629149,0.05411616149591953,0.8274675762803408,0.04260005531491124,0.6575416493194326,0.05547972047083747,0.9369935238870241,0.023422659079362005,0.7041224136390399,0.05451842283509815,3246.6666666666665,5.773502691896192,30.333333333333332,5.773502691896258,24.0,5.5677643628300215,54.0,5.5677643628300215,3,0,0,0,3
Mammography,real_repeated_split,SMOTE-Tomek + RF,0.9873820168902135,0.0012046056287116256,0.8370988943921504,0.03300255435512252,0.7543716737265124,0.025454230402563983,0.6794871794871794,0.06661733875264914,0.713558627752176,0.03842187322817492,0.8214393799127996,0.04067675405819268,0.7088774204199023,0.03673354270791336,0.943695244503911,0.022205409297400523,0.7568089728629435,0.05531026092033029,3259.6666666666665,3.2145502536642536,17.333333333333332,3.214550253664319,25.0,5.196152422706632,53.0,5.196152422706632,3,0,0,0,3
